{
"dashboard": {
  "description": "This Dashboard provides a general overview of a host, with templating to select the hostname.",
  "editable": true,
  "gnetId": null,
  "graphTooltip": 0,
  "hideControls": false,
  "id": null,
  "links": [],
  "refresh": "10s",
  "rows": [
    {
      "collapse": false,
      "height": 401,
      "panels": [
        {
          "aliasColors": {},
          "bars": false,
          "dashLength": 10,
          "dashes": false,
          "datasource": "VESEvents",
          "fill": 1,
          "grid": {
            "leftLogBase": 1,
            "leftMax": null,
            "leftMin": null,
            "rightLogBase": 1,
            "rightMax": null,
            "rightMin": null
          },
          "id": 3,
          "interval": "30s",
          "legend": {
            "alignAsTable": true,
            "avg": true,
            "current": true,
            "max": true,
            "min": true,
            "rightSide": false,
            "show": true,
            "sort": "current",
            "sortDesc": true,
            "total": false,
            "values": true
          },
          "lines": true,
          "linewidth": 1,
          "links": [],
          "nullPointMode": "null",
          "percentage": false,
          "pointradius": 5,
          "points": false,
          "renderer": "flot",
          "seriesOverrides": [],
          "spaceLength": 10,
          "span": 6,
          "stack": false,
          "steppedLine": false,
          "targets": [
            {
              "alias": "",
              "dsType": "influxdb",
              "groupBy": [
                {
                  "params": [
                    "system"
                  ],
                  "type": "tag"
                }
              ],
              "measurement": "load",
              "orderByTime": "ASC",
              "policy": "default",
              "query": "SELECT mean(\"cpusystem\") FROM \"cpu\" WHERE $timeFilter GROUP BY time(1m) fill(null)",
              "refId": "B",
              "resultFormat": "time_series",
              "select": [
                [
                  {
                    "params": [
                      "load-shortterm"
                    ],
                    "type": "field"
                  },
                  {
                    "params": [
                      "5"
                    ],
                    "type": "moving_average"
                  }
                ]
              ],
              "tags": [
                {
                  "key": "system",
                  "operator": "=~",
                  "value": "/^$host$/"
                }
              ]
            }
          ],
          "thresholds": [],
          "timeFrom": null,
          "timeShift": null,
          "title": "host load",
          "tooltip": {
            "shared": true,
            "sort": 0,
            "value_type": "individual"
          },
          "type": "graph",
          "x-axis": true,
          "xaxis": {
            "buckets": null,
            "mode": "time",
            "name": null,
            "show": true,
            "values": []
          },
          "y-axis": true,
          "y_formats": [
            "short",
            "short"
          ],
          "yaxes": [
            {
              "format": "short",
              "label": "Percent",
              "logBase": 1,
              "max": null,
              "min": null,
              "show": true
            },
            {
              "format": "short",
              "label": null,
              "logBase": 1,
              "max": null,
              "min": null,
              "show": true
            }
          ]
        },
        {
          "aliasColors": {},
          "bars": false,
          "dashLength": 10,
          "dashes": false,
          "datasource": "VESEvents",
          "fill": 1,
          "grid": {
            "leftLogBase": 1,
            "leftMax": null,
            "leftMin": null,
            "rightLogBase": 1,
            "rightMax": null,
            "rightMin": null
          },
          "id": 6,
          "interval": "30s",
          "legend": {
            "alignAsTable": true,
            "avg": true,
            "current": true,
            "max": true,
            "min": true,
            "rightSide": false,
            "show": true,
            "sort": "current",
            "sortDesc": true,
            "total": false,
            "values": true
          },
          "lines": true,
          "linewidth": 1,
          "links": [],
          "nullPointMode": "null",
          "percentage": false,
          "pointradius": 5,
          "points": false,
          "renderer": "flot",
          "seriesOverrides": [],
          "spaceLength": 10,
          "span": 6,
          "stack": false,
          "steppedLine": false,
          "targets": [
            {
              "alias": "",
              "dsType": "influxdb",
              "groupBy": [
                {
                  "params": [
                    "system"
                  ],
                  "type": "tag"
                },
                {
                  "params": [
                    "cpu"
                  ],
                  "type": "tag"
                }
              ],
              "measurement": "cpuUsage",
              "orderByTime": "ASC",
              "policy": "default",
              "query": "SELECT mean(\"cpusystem\") FROM \"cpu\" WHERE $timeFilter GROUP BY time(1m) fill(null)",
              "refId": "B",
              "resultFormat": "time_series",
              "select": [
                [
                  {
                    "params": [
                      "cpuUsageUser"
                    ],
                    "type": "field"
                  },
                  {
                    "params": [
                      "5"
                    ],
                    "type": "moving_average"
                  }
                ]
              ],
              "tags": [
                {
                  "key": "system",
                  "operator": "=~",
                  "value": "/^$host$/"
                }
              ]
            }
          ],
          "thresholds": [],
          "timeFrom": null,
          "timeShift": null,
          "title": "host CPU Usage User",
          "tooltip": {
            "shared": true,
            "sort": 0,
            "value_type": "individual"
          },
          "type": "graph",
          "x-axis": true,
          "xaxis": {
            "buckets": null,
            "mode": "time",
            "name": null,
            "show": true,
            "values": []
          },
          "y-axis": true,
          "y_formats": [
            "short",
            "short"
          ],
          "yaxes": [
            {
              "format": "short",
              "label": "Percent",
              "logBase": 1,
              "max": null,
              "min": null,
              "show": true
            },
            {
              "format": "short",
              "label": null,
              "logBase": 1,
              "max": null,
              "min": null,
              "show": true
            }
          ]
        }
      ],
      "repeat": null,
      "repeatIteration": null,
      "repeatRowId": null,
      "showTitle": false,
      "title": "Dashboard Row",
      "titleSize": "h6"
    },
    {
      "collapse": false,
      "height": 442,
      "panels": [
        {
          "aliasColors": {},
          "bars": false,
          "dashLength": 10,
          "dashes": false,
          "datasource": "VESEvents",
          "fill": 1,
          "grid": {
            "leftLogBase": 1,
            "leftMax": null,
            "leftMin": null,
            "rightLogBase": 1,
            "rightMax": null,
            "rightMin": null
          },
          "id": 2,
          "interval": "30s",
          "legend": {
            "alignAsTable": true,
            "avg": true,
            "current": true,
            "max": true,
            "min": true,
            "rightSide": false,
            "show": true,
            "sort": "current",
            "sortDesc": true,
            "total": false,
            "values": true
          },
          "lines": true,
          "linewidth": 2,
          "links": [],
          "nullPointMode": "null",
          "percentage": false,
          "pointradius": 5,
          "points": false,
          "renderer": "flot",
          "seriesOverrides": [],
          "spaceLength": 10,
          "span": 6,
          "stack": false,
          "steppedLine": false,
          "targets": [
            {
              "alias": "",
              "dsType": "influxdb",
              "groupBy": [
                {
                  "params": [
                    "system"
                  ],
                  "type": "tag"
                },
                {
                  "params": [
                    "vnic"
                  ],
                  "type": "tag"
                }
              ],
              "measurement": "vNicPerformance",
              "orderByTime": "ASC",
              "policy": "default",
              "query": "SELECT derivative(mean(\"rxoctetsacc\"), 10s) FROM \"vnic\" WHERE \"system\" = 'computehost' AND $timeFilter GROUP BY time(1m) fill(null)",
              "refId": "A",
              "resultFormat": "time_series",
              "select": [
                [
                  {
                    "params": [
                      "receivedTotalPacketsAccumulated"
                    ],
                    "type": "field"
                  },
                  {
                    "params": [
                      "5"
                    ],
                    "type": "moving_average"
                  }
                ]
              ],
              "tags": [
                {
                  "key": "system",
                  "operator": "=~",
                  "value": "/^$host$/"
                }
              ]
            }
          ],
          "thresholds": [],
          "timeFrom": null,
          "timeShift": null,
          "title": "Received Octets",
          "tooltip": {
            "shared": true,
            "sort": 2,
            "value_type": "individual"
          },
          "type": "graph",
          "x-axis": true,
          "xaxis": {
            "buckets": null,
            "mode": "time",
            "name": null,
            "show": true,
            "values": []
          },
          "y-axis": true,
          "y_formats": [
            "short",
            "short"
          ],
          "yaxes": [
            {
              "format": "short",
              "label": "Octets/Packets",
              "logBase": 1,
              "max": null,
              "min": null,
              "show": true
            },
            {
              "format": "short",
              "label": null,
              "logBase": 1,
              "max": null,
              "min": null,
              "show": true
            }
          ]
        },
        {
          "aliasColors": {},
          "bars": false,
          "dashLength": 10,
          "dashes": false,
          "datasource": "VESEvents",
          "fill": 1,
          "grid": {
            "leftLogBase": 1,
            "leftMax": null,
            "leftMin": null,
            "rightLogBase": 1,
            "rightMax": null,
            "rightMin": null
          },
          "id": 4,
          "interval": "30s",
          "legend": {
            "alignAsTable": true,
            "avg": true,
            "current": true,
            "max": true,
            "min": true,
            "rightSide": false,
            "show": true,
            "sort": "current",
            "sortDesc": true,
            "total": false,
            "values": true
          },
          "lines": true,
          "linewidth": 2,
          "links": [],
          "nullPointMode": "null",
          "percentage": false,
          "pointradius": 5,
          "points": false,
          "renderer": "flot",
          "seriesOverrides": [],
          "spaceLength": 10,
          "span": 6,
          "stack": false,
          "steppedLine": false,
          "targets": [
            {
              "alias": "",
              "dsType": "influxdb",
              "groupBy": [
                {
                  "params": [
                    "system"
                  ],
                  "type": "tag"
                },
                {
                  "params": [
                    "vnic"
                  ],
                  "type": "tag"
                }
              ],
              "measurement": "vNicPerformance",
              "orderByTime": "ASC",
              "policy": "default",
              "refId": "B",
              "resultFormat": "time_series",
              "select": [
                [
                  {
                    "params": [
                      "receivedOctetsAccumulated"
                    ],
                    "type": "field"
                  },
                  {
                    "params": [
                      "5"
                    ],
                    "type": "moving_average"
                  }
                ]
              ],
              "tags": [
                {
                  "key": "system",
                  "operator": "=~",
                  "value": "/^$host$/"
                }
              ]
            }
          ],
          "thresholds": [],
          "timeFrom": null,
          "timeShift": null,
          "title": "Transmitted Octets",
          "tooltip": {
            "shared": true,
            "sort": 2,
            "value_type": "individual"
          },
          "type": "graph",
          "x-axis": true,
          "xaxis": {
            "buckets": null,
            "mode": "time",
            "name": null,
            "show": true,
            "values": []
          },
          "y-axis": true,
          "y_formats": [
            "short",
            "short"
          ],
          "yaxes": [
            {
              "format": "short",
              "label": "Octets/Packets",
              "logBase": 1,
              "max": null,
              "min": null,
              "show": true
            },
            {
              "format": "short",
              "label": null,
              "logBase": 1,
              "max": null,
              "min": null,
              "show": true
            }
          ]
        }
      ],
      "repeat": null,
      "repeatIteration": null,
      "repeatRowId": null,
      "showTitle": false,
      "title": "Dashboard Row",
      "titleSize": "h6"
    },
    {
      "collapse": false,
      "height": 362,
      "panels": [
        {
          "aliasColors": {},
          "bars": false,
          "dashLength": 10,
          "dashes": false,
          "datasource": "VESEvents",
          "fill": 1,
          "id": 7,
          "legend": {
            "alignAsTable": true,
            "avg": true,
            "current": true,
            "max": true,
            "min": true,
            "show": true,
            "sort": "current",
            "sortDesc": true,
            "total": false,
            "values": true
          },
          "lines": true,
          "linewidth": 1,
          "links": [],
          "nullPointMode": "null",
          "percentage": false,
          "pointradius": 5,
          "points": false,
          "renderer": "flot",
          "seriesOverrides": [],
          "spaceLength": 10,
          "span": 6,
          "stack": false,
          "steppedLine": false,
          "targets": [
            {
              "alias": "",
              "dsType": "influxdb",
              "groupBy": [
                {
                  "params": [
                    "system"
                  ],
                  "type": "tag"
                },
                {
                  "params": [
                    "disk"
                  ],
                  "type": "tag"
                }
              ],
              "measurement": "diskUsage",
              "orderByTime": "ASC",
              "policy": "autogen",
              "refId": "A",
              "resultFormat": "time_series",
              "select": [
                [
                  {
                    "params": [
                      "diskOpsWriteLast"
                    ],
                    "type": "field"
                  },
                  {
                    "params": [
                      "5"
                    ],
                    "type": "moving_average"
                  }
                ]
              ],
              "tags": [
                {
                  "key": "system",
                  "operator": "=~",
                  "value": "/^$host$/"
                },
                {
                  "condition": "AND",
                  "key": "disk",
                  "operator": "=",
                  "value": "sda"
                }
              ]
            }
          ],
          "thresholds": [],
          "timeFrom": null,
          "timeShift": null,
          "title": "Disk Usage SDA",
          "tooltip": {
            "shared": true,
            "sort": 0,
            "value_type": "individual"
          },
          "type": "graph",
          "xaxis": {
            "buckets": null,
            "mode": "time",
            "name": null,
            "show": true,
            "values": []
          },
          "yaxes": [
            {
              "format": "short",
              "label": null,
              "logBase": 10,
              "max": null,
              "min": null,
              "show": true
            },
            {
              "format": "short",
              "label": null,
              "logBase": 1,
              "max": null,
              "min": null,
              "show": true
            }
          ]
        },
        {
          "aliasColors": {},
          "bars": false,
          "dashLength": 10,
          "dashes": false,
          "datasource": "VESEvents",
          "fill": 1,
          "id": 8,
          "legend": {
            "alignAsTable": true,
            "avg": true,
            "current": true,
            "max": true,
            "min": true,
            "show": true,
            "sort": "current",
            "sortDesc": true,
            "total": false,
            "values": true
          },
          "lines": true,
          "linewidth": 1,
          "links": [],
          "nullPointMode": "null",
          "percentage": false,
          "pointradius": 5,
          "points": false,
          "renderer": "flot",
          "seriesOverrides": [],
          "spaceLength": 10,
          "span": 6,
          "stack": false,
          "steppedLine": false,
          "targets": [
            {
              "alias": "",
              "dsType": "influxdb",
              "groupBy": [
                {
                  "params": [
                    "system"
                  ],
                  "type": "tag"
                },
                {
                  "params": [
                    "disk"
                  ],
                  "type": "tag"
                }
              ],
              "measurement": "diskUsage",
              "orderByTime": "ASC",
              "policy": "autogen",
              "refId": "A",
              "resultFormat": "time_series",
              "select": [
                [
                  {
                    "params": [
                      "diskOpsWriteLast"
                    ],
                    "type": "field"
                  },
                  {
                    "params": [
                      "5"
                    ],
                    "type": "moving_average"
                  }
                ]
              ],
              "tags": [
                {
                  "key": "system",
                  "operator": "=~",
                  "value": "/^$host$/"
                },
                {
                  "condition": "AND",
                  "key": "disk",
                  "operator": "=",
                  "value": "sdb"
                }
              ]
            }
          ],
          "thresholds": [],
          "timeFrom": null,
          "timeShift": null,
          "title": "Disk Usage SDB",
          "tooltip": {
            "shared": true,
            "sort": 0,
            "value_type": "individual"
          },
          "type": "graph",
          "xaxis": {
            "buckets": null,
            "mode": "time",
            "name": null,
            "show": true,
            "values": []
          },
          "yaxes": [
            {
              "format": "short",
              "label": null,
              "logBase": 10,
              "max": null,
              "min": null,
              "show": true
            },
            {
              "format": "short",
              "label": null,
              "logBase": 1,
              "max": null,
              "min": null,
              "show": true
            }
          ]
        }
      ],
      "repeat": null,
      "repeatIteration": null,
      "repeatRowId": null,
      "showTitle": false,
      "title": "Dashboard Row",
      "titleSize": "h6"
    },
    {
      "collapse": false,
      "height": 250,
      "panels": [
        {
          "aliasColors": {},
          "bars": false,
          "dashLength": 10,
          "dashes": false,
          "datasource": "VESEvents",
          "fill": 1,
          "id": 5,
          "legend": {
            "alignAsTable": true,
            "avg": true,
            "current": true,
            "max": true,
            "min": true,
            "show": true,
            "sort": "current",
            "sortDesc": true,
            "total": false,
            "values": true
          },
          "lines": true,
          "linewidth": 1,
          "links": [],
          "nullPointMode": "null",
          "percentage": false,
          "pointradius": 5,
          "points": false,
          "renderer": "flot",
          "seriesOverrides": [],
          "spaceLength": 10,
          "span": 12,
          "stack": false,
          "steppedLine": false,
          "targets": [
            {
              "alias": "",
              "dsType": "influxdb",
              "groupBy": [
                {
                  "params": [
                    "system"
                  ],
                  "type": "tag"
                }
              ],
              "measurement": "memoryUsage",
              "orderByTime": "ASC",
              "policy": "autogen",
              "refId": "A",
              "resultFormat": "time_series",
              "select": [
                [
                  {
                    "params": [
                      "memoryUsed"
                    ],
                    "type": "field"
                  }
                ]
              ],
              "tags": [
                {
                  "key": "system",
                  "operator": "=~",
                  "value": "/^$host$/"
                }
              ]
            }
          ],
          "thresholds": [],
          "timeFrom": null,
          "timeShift": null,
          "title": "Memory",
          "tooltip": {
            "shared": true,
            "sort": 0,
            "value_type": "individual"
          },
          "type": "graph",
          "xaxis": {
            "buckets": null,
            "mode": "time",
            "name": null,
            "show": true,
            "values": []
          },
          "yaxes": [
            {
              "format": "short",
              "label": null,
              "logBase": 10,
              "max": null,
              "min": null,
              "show": true
            },
            {
              "format": "short",
              "label": null,
              "logBase": 1,
              "max": null,
              "min": null,
              "show": true
            }
          ]
        }
      ],
      "repeat": null,
      "repeatIteration": null,
      "repeatRowId": null,
      "showTitle": false,
      "title": "Dashboard Row",
      "titleSize": "h6"
    }
  ],
  "schemaVersion": 14,
  "style": "dark",
  "tags": [],
  "templating": {
    "list": [
      {
        "allValue": null,
        "current": {},
        "datasource": "VESEvents",
        "hide": 0,
        "includeAll": true,
        "label": "host",
        "multi": true,
        "name": "host",
        "options": [],
        "query": "SHOW TAG VALUES WITH KEY=system",
        "refresh": 1,
        "regex": "",
        "sort": 0,
        "tagValuesQuery": "",
        "tags": [],
        "tagsQuery": "",
        "type": "query",
        "useTags": false
      }
    ]
  },
  "time": {
    "from": "now-30m",
    "to": "now"
  },
  "timepicker": {
    "now": true,
    "refresh_intervals": [
      "10s",
      "20s",
      "30s",
      "1m"
    ],
    "time_options": [
      "5m",
      "15m",
      "1h",
      "6h",
      "12h",
      "24h",
      "2d",
      "7d",
      "30d"
    ]
  },
  "timezone": "browser",
  "title": "VES Demo",
  "version": 4
}
}
